id,label
145,0.5039413571357727
211,0.5042876601219177
162,0.5039987564086914
200,0.5047010183334351
210,0.5045384168624878
224,0.5038506984710693
213,0.5039520859718323
109,0.5038886666297913
15,0.5039458870887756
167,0.5039023160934448
