id,label
109,0.35843023657798767
145,0.3507089912891388
15,0.5814982056617737
162,0.43692177534103394
167,0.4937705099582672
200,0.4963120222091675
210,0.5844886302947998
211,0.5677781701087952
213,0.4251265525817871
224,0.5900532007217407
